{"non-bias": [-73449.43166506886, -78355.39504852527, 16136.175725056812, -16526.792118018613, 33820.606965784675, -41786.724123880056, 29264.09179139162, 77782.09833306384], "bias": 206824.62451548272}