{"non-bias": [-73449.46671848903, -78355.42713216967, 16136.173920668867, -16526.818944742772, 33820.77020264477, -41786.69704339465, 29263.928778082434, 77782.10355749192], "bias": 206824.6245154856}