{"non-bias": [-73449.41521472266, -78355.37379335405, 16136.180015258786, -16526.852893356936, 33820.81114982933, -41786.68121619158, 29263.907678958385, 77782.11708926367], "bias": 206824.62451548272, "mean": [-119.56664659468416, 35.63009343853807, 28.6187015503876, 2640.1326827242524, 538.1607142857143, 1425.1573228128461, 499.50892857142856, 3.8666674072536216], "std_dev": [2.006517319734839, 2.1400464693017476, 12.596258461054187, 2191.536595056092, 422.6902140852483, 1149.540372645521, 383.0851314571512, 1.8910923562760051]}